,pm2.5_atm,pm2.5_atm,pm2.5_atm,pm10.0_atm,pm10.0_atm,pm10.0_atm,temp_celsius,temp_celsius,temp_celsius,humidity,humidity,humidity
,mean,min,max,mean,min,max,mean,min,max,mean,min,max
time_stamp,,,,,,,,,,,,
2024-01-01,3.72,1.0,9.4,4.09,1.1,9.9,34.75,29.44,42.78,41.48,22,58
2024-01-02,9.2,2.0,17.7,9.85,2.3,18.6,35.27,30.0,44.44,39.0,19,55
2024-01-03,12.26,6.6,23.0,13.0,7.1,23.8,34.49,28.89,42.78,38.81,21,55
2024-01-04,11.56,3.1,28.0,12.26,3.7,29.1,33.91,28.89,42.22,39.08,21,55
2024-01-05,10.34,3.1,34.7,11.0,3.6,39.5,34.75,28.89,45.0,36.58,20,52
2024-01-06,17.3,6.4,44.2,18.8,7.0,53.0,35.25,30.56,42.78,39.69,24,55
2024-01-07,25.82,12.5,51.2,28.41,13.6,60.6,34.31,29.44,41.67,39.56,24,52
2024-01-08,15.6,4.0,30.1,16.41,4.4,32.3,34.32,28.33,43.89,36.42,20,49
2024-01-09,12.73,2.8,27.9,13.34,3.0,29.3,33.54,31.11,37.22,42.62,34,51
2024-01-10,2.61,0.3,13.2,2.76,0.4,13.5,33.91,28.89,42.78,46.9,26,66
2024-01-11,9.21,0.3,52.8,10.28,0.4,64.5,34.12,29.44,40.0,44.15,27,60
2024-01-12,6.05,2.1,24.2,6.59,2.4,26.2,35.06,29.44,44.44,40.02,20,59
2024-01-13,5.13,1.7,12.0,5.55,1.9,12.6,34.81,29.44,43.33,40.08,22,57
2024-01-14,4.9,1.7,14.5,5.18,1.9,14.9,34.75,28.89,44.44,38.4,22,51
2024-01-15,10.93,1.2,39.7,11.43,1.4,46.3,34.51,30.0,43.33,42.21,25,53
2024-01-16,4.59,1.6,11.2,4.89,1.7,11.5,33.4,29.44,40.56,46.33,31,57
2024-01-17,3.97,1.9,7.2,4.25,2.1,7.5,34.22,29.44,42.78,44.92,25,61
2024-01-18,2.85,0.5,19.2,3.11,0.6,19.8,34.51,28.89,43.89,44.31,24,66
2024-01-19,6.01,2.1,20.9,6.43,2.3,21.6,34.68,30.0,43.33,41.35,22,62
2024-01-20,9.03,2.8,16.3,9.61,3.1,17.0,33.44,30.0,42.78,41.83,26,49
2024-01-21,5.29,1.8,12.3,5.76,2.0,13.0,34.02,29.44,42.22,44.56,25,58
2024-01-22,9.82,2.1,61.0,10.86,2.4,69.8,34.26,29.44,42.78,39.29,21,53
2024-01-23,11.85,1.1,63.8,12.78,1.3,69.8,34.02,28.33,42.78,35.46,19,48
2024-01-24,12.75,1.0,43.9,13.93,1.3,52.4,34.32,28.33,42.78,37.81,22,52
2024-01-25,11.93,1.1,33.8,12.63,1.3,37.8,34.42,29.44,42.22,38.42,23,54
2024-01-26,16.67,3.1,38.5,17.89,3.4,45.1,33.6,28.89,43.33,42.14,23,56
2024-01-27,15.7,2.7,48.8,17.1,3.2,59.4,34.41,28.89,43.33,36.48,21,49
2024-01-28,14.94,3.4,58.4,16.05,3.8,69.0,34.8,28.89,44.44,38.1,21,55
2024-01-29,24.4,7.8,51.6,27.25,8.3,63.4,35.84,30.0,46.11,36.15,18,50
2024-01-30,16.35,2.3,40.2,18.05,2.4,47.5,34.84,30.56,43.33,43.12,26,55
2024-01-31,7.58,1.9,22.5,8.28,2.0,25.5,32.56,32.22,33.33,48.6,46,50
2024-02-01,13.45,10.5,16.3,16.5,13.3,19.7,37.58,35.0,40.0,30.45,27,37
2024-02-02,18.08,9.5,36.2,21.18,11.7,42.9,35.44,29.44,46.67,36.62,18,51
2024-02-03,24.85,7.9,45.3,28.54,9.1,55.3,36.18,28.89,47.78,35.98,15,53
2024-02-04,24.86,7.8,46.8,27.99,8.4,57.2,37.07,30.56,49.44,33.71,14,48
2024-02-05,31.48,6.2,64.4,36.03,6.5,72.9,36.91,31.11,46.11,34.67,20,48
2024-02-06,20.99,5.9,47.4,22.96,6.3,56.2,36.08,31.67,45.56,41.35,22,56
2024-02-07,8.7,1.7,29.2,9.08,1.8,30.8,34.25,30.56,43.89,48.39,24,60
2024-02-08,10.88,4.0,27.5,11.64,4.3,28.9,35.53,29.44,44.44,42.08,23,59
2024-02-09,11.22,5.6,24.9,12.11,6.2,25.7,35.53,30.0,44.44,41.6,23,58
2024-02-10,7.59,3.6,11.8,8.48,4.1,13.2,34.98,30.0,43.33,43.0,25,58
2024-02-11,15.71,10.9,37.8,17.11,11.6,44.8,35.15,29.44,42.78,39.96,20,56
2024-02-12,26.92,12.2,56.3,30.94,13.9,67.0,35.09,30.0,42.22,37.58,24,51
2024-02-13,8.98,1.0,22.3,10.05,1.3,24.2,34.57,29.44,42.22,44.04,27,59
2024-02-14,9.23,5.5,16.0,10.35,6.3,17.3,34.92,30.0,42.78,45.33,27,62
2024-02-15,10.68,5.7,14.6,12.06,6.3,16.2,35.42,29.44,45.0,41.6,19,58
2024-02-16,16.78,8.7,32.9,18.27,9.6,37.2,34.99,29.44,42.22,36.75,23,52
2024-02-17,18.03,11.2,32.7,19.3,12.2,36.7,34.19,28.89,40.56,38.08,25,51
2024-02-18,17.16,6.4,30.0,18.16,6.8,31.9,34.83,28.89,42.78,38.62,22,55
2024-02-19,25.68,10.7,55.5,28.55,11.4,66.4,35.09,28.89,42.78,35.62,19,50
2024-02-20,40.23,7.4,99.4,45.11,8.1,102.6,35.01,28.89,45.0,33.73,16,50
2024-02-21,52.9,11.6,159.0,56.81,12.6,164.1,35.14,28.89,45.0,33.44,16,50
2024-02-22,65.12,24.8,177.5,69.81,25.7,184.3,35.68,29.44,46.11,31.17,16,44
2024-02-23,54.31,32.8,112.6,61.44,36.0,116.0,36.1,29.44,45.0,33.15,20,48
2024-02-24,46.26,26.7,107.2,52.53,28.0,110.1,36.55,30.56,45.56,36.67,22,52
2024-02-25,32.45,15.1,80.0,37.3,16.5,83.2,36.5,30.56,45.0,36.0,21,51
2024-02-26,28.82,14.9,52.6,33.6,16.7,64.4,36.24,30.56,43.89,35.33,20,46
2024-02-27,44.22,17.9,95.8,51.32,19.3,99.5,35.72,30.56,43.89,39.79,21,56
2024-02-28,42.67,21.2,87.3,49.08,22.6,91.6,36.16,30.56,45.56,32.5,18,48
2024-02-29,42.2,26.0,71.8,49.3,27.3,77.6,36.24,31.11,44.44,32.83,20,45
2024-03-01,46.34,25.1,90.2,52.51,26.0,93.5,35.9,31.11,42.78,35.08,23,46
2024-03-02,41.9,12.9,114.0,45.77,13.2,117.7,35.44,30.0,43.33,36.4,23,50
2024-03-03,48.63,30.6,76.9,56.24,32.2,79.8,36.16,31.11,42.22,37.08,24,50
2024-03-04,47.41,26.3,96.0,54.62,27.0,99.3,36.76,31.11,46.67,35.65,19,49
2024-03-05,41.65,18.5,76.5,48.48,19.2,80.8,36.99,30.56,47.22,36.0,18,52
2024-03-06,39.1,15.0,78.3,44.22,15.5,82.7,36.4,30.56,43.89,38.06,24,54
2024-03-07,14.03,5.7,49.7,15.13,6.2,60.3,35.9,30.56,43.89,40.62,24,55
2024-03-08,15.77,8.4,41.1,17.3,9.3,48.8,36.09,30.56,44.44,39.5,22,55
2024-03-09,27.28,12.1,81.3,30.84,13.1,85.5,36.56,31.11,45.0,37.88,22,54
2024-03-10,30.15,13.9,52.4,33.8,15.1,63.3,36.97,31.11,46.67,35.5,19,51
2024-03-11,57.3,28.3,123.4,63.79,29.7,127.5,37.41,31.11,46.67,31.94,17,44
2024-03-12,86.47,45.2,144.1,92.64,54.6,149.2,36.63,31.67,42.78,35.44,26,45
2024-03-13,48.72,30.7,85.4,55.25,33.3,90.4,36.53,30.56,45.56,37.15,21,51
2024-03-14,48.59,15.8,177.3,53.21,16.5,184.6,37.22,31.67,46.11,37.17,20,53
2024-03-15,15.6,4.1,37.9,17.16,4.5,44.7,36.35,31.11,45.0,39.0,21,55
2024-03-16,12.5,4.7,54.1,13.78,5.0,63.4,34.65,30.0,39.44,43.71,32,62
2024-03-17,20.84,7.0,120.5,22.52,7.6,124.2,36.53,30.56,47.22,39.75,19,56
2024-03-18,19.58,4.1,105.0,21.43,4.5,108.7,36.5,30.56,45.0,37.1,21,55
2024-03-19,15.27,9.4,37.6,16.56,10.2,43.9,35.89,31.11,41.67,37.73,25,52
2024-03-20,11.46,7.0,21.8,12.41,7.8,23.0,35.89,30.0,43.33,37.21,21,54
2024-03-21,20.37,8.4,39.7,22.01,9.1,47.2,36.46,30.0,47.22,34.65,16,52
2024-03-22,50.25,14.7,149.8,55.46,15.7,154.9,36.55,30.56,45.56,31.72,17,45
2024-03-23,99.19,30.1,260.9,105.41,32.2,270.6,36.78,30.56,47.22,32.2,16,47
2024-03-24,103.88,45.9,373.2,113.71,55.7,397.2,36.1,30.56,43.89,34.73,22,45
2024-03-25,178.89,53.6,356.4,190.92,65.5,378.9,36.41,30.0,45.0,39.12,21,58
2024-03-26,67.88,45.1,111.0,75.3,54.2,114.8,37.81,32.78,44.44,35.15,21,49
2024-03-27,81.54,49.6,146.2,88.69,60.4,152.1,38.41,32.22,48.33,33.27,17,48
2024-03-28,84.96,46.9,157.0,90.7,56.8,164.4,35.24,29.44,42.78,46.52,30,69
2024-03-29,65.33,14.5,114.8,69.55,14.9,119.5,35.22,30.56,43.89,45.9,27,61
2024-03-30,42.35,20.8,73.2,48.93,21.2,77.9,36.02,31.11,43.89,41.6,24,56
2024-03-31,52.31,4.2,165.8,56.63,4.5,172.4,35.91,29.44,46.11,46.15,21,73
2024-04-01,64.06,37.2,122.0,71.71,43.5,127.0,37.35,31.67,47.22,35.21,16,56
2024-04-02,116.81,55.4,320.8,125.15,67.1,341.3,37.97,32.78,46.11,32.75,20,45
2024-04-03,125.82,59.1,315.4,133.42,69.6,332.7,37.12,31.67,45.0,35.94,22,47
2024-04-04,84.04,15.8,231.3,90.23,16.6,243.2,35.64,31.11,42.78,42.79,28,61
2024-04-05,10.37,3.9,17.2,10.96,4.2,18.2,31.84,30.0,38.33,60.21,38,70
2024-04-06,14.22,6.0,32.3,15.35,6.4,36.4,33.8,28.89,42.22,53.06,26,75
2024-04-07,23.11,11.1,43.5,25.86,12.2,52.3,35.76,29.44,46.67,38.79,18,53
2024-04-08,35.36,17.0,58.8,40.56,18.1,69.7,36.6,30.56,46.67,35.88,18,51
2024-04-09,67.96,35.0,145.8,75.09,40.5,151.9,36.79,31.11,46.11,35.4,19,50
2024-04-10,89.4,41.2,183.4,97.1,49.2,191.8,36.97,30.56,46.67,33.12,17,47
2024-04-11,42.01,5.4,93.4,46.24,6.0,97.2,36.3,30.56,44.44,40.15,22,58
2024-04-12,19.73,2.2,40.6,21.62,2.5,48.3,36.5,30.56,46.67,37.58,19,52
2024-04-13,10.56,2.9,22.3,11.21,3.1,23.2,35.34,30.0,42.22,40.52,24,56
2024-04-14,30.0,12.0,50.4,33.87,12.8,61.7,36.7,31.11,46.67,36.71,19,51
2024-04-15,59.49,34.4,109.5,65.39,39.1,113.6,36.67,30.56,47.22,34.48,19,48
2024-04-16,28.37,6.7,63.5,32.01,7.0,72.0,36.66,31.11,46.67,39.98,22,55
2024-04-17,12.08,0.1,33.8,12.78,0.1,38.3,34.61,31.11,41.67,49.73,29,65
2024-04-18,8.92,2.6,24.2,9.26,2.7,25.1,35.5,29.44,46.11,46.31,24,67
2024-04-19,0.85,0.0,11.0,0.92,0.0,11.3,32.41,27.78,36.67,54.33,39,77
2024-04-20,4.91,0.9,14.9,5.1,1.0,15.4,33.29,28.89,42.78,55.75,31,74
2024-04-21,11.55,4.9,24.6,12.98,6.3,25.6,33.0,30.0,41.11,56.81,31,70
2024-04-22,5.68,2.2,10.3,7.0,2.9,11.8,34.91,27.78,47.22,54.83,22,83
2024-04-23,1.9,0.2,7.2,2.44,0.3,8.8,34.04,30.0,40.56,47.9,33,57
2024-04-24,0.92,0.0,10.0,1.04,0.0,10.3,31.08,28.33,38.33,64.33,42,74
2024-04-25,5.1,0.0,10.2,6.39,0.1,11.6,32.56,28.33,40.56,58.19,31,74
2024-04-26,7.86,5.2,10.5,9.84,6.5,12.2,34.46,28.89,45.0,48.69,22,70
2024-04-27,6.61,2.6,10.7,7.85,2.9,12.6,37.11,30.56,47.78,41.6,21,61
2024-04-28,4.05,1.4,10.8,4.66,1.7,12.3,36.48,30.56,45.56,44.15,22,66
2024-04-29,1.89,0.1,5.1,2.15,0.1,5.4,36.76,31.11,48.33,44.08,21,62
2024-04-30,1.97,0.0,11.4,2.08,0.0,11.9,33.63,26.67,44.44,56.21,27,95
2024-05-01,1.02,0.0,11.0,1.12,0.1,11.3,34.29,30.0,46.11,53.44,24,68
2024-05-02,1.68,0.0,5.0,2.02,0.1,5.9,35.17,30.56,45.0,51.56,29,65
2024-05-03,2.13,0.0,21.9,2.38,0.0,22.6,31.99,29.44,38.33,60.85,40,71
2024-05-04,1.33,0.0,18.8,1.47,0.0,19.5,34.54,28.89,44.44,56.04,28,79
2024-05-05,0.34,0.0,2.6,0.4,0.0,2.7,34.83,29.44,45.56,55.02,27,74
2024-05-06,1.02,0.0,6.3,1.24,0.1,6.9,31.34,27.78,35.0,66.27,51,83
2024-05-07,1.05,0.0,4.1,1.22,0.1,4.1,30.39,28.33,34.44,68.45,53,79
2024-05-08,2.08,0.0,12.9,2.22,0.0,13.6,34.75,24.44,45.56,54.95,26,78
2024-05-09,0.75,0.0,7.7,0.84,0.0,8.0,32.79,30.56,40.0,58.67,40,68
2024-05-10,1.14,0.0,5.8,1.24,0.0,6.1,29.81,26.67,32.22,71.21,59,86
2024-05-11,4.44,0.0,20.6,4.62,0.0,21.3,34.83,28.89,46.67,54.77,24,75
2024-05-12,0.01,0.0,0.1,0.04,0.0,0.3,33.85,28.33,43.89,55.62,30,73
2024-05-13,3.19,0.0,7.3,3.88,0.0,8.4,34.68,30.0,43.89,52.71,27,72
2024-05-14,2.79,0.0,8.2,3.24,0.1,9.3,35.2,30.0,45.0,49.81,26,67
2024-05-15,1.37,0.0,11.2,1.49,0.1,11.4,34.71,30.0,45.0,51.79,28,65
2024-05-16,0.89,0.0,5.8,0.98,0.1,5.9,35.13,28.89,46.67,52.52,25,74
2024-05-17,1.56,0.6,5.2,1.7,0.7,5.4,35.54,31.11,46.11,50.75,28,67
2024-05-18,1.89,0.0,13.4,2.02,0.0,14.7,31.28,28.33,37.22,63.92,42,79
2024-05-19,4.67,0.0,42.0,5.25,0.0,50.9,30.65,26.67,34.44,62.58,49,77
2024-05-20,0.92,0.0,12.1,1.05,0.0,12.4,34.59,28.33,44.44,54.25,29,79
2024-05-21,1.19,0.0,5.9,1.35,0.0,6.1,34.91,30.0,46.11,54.06,27,71
2024-05-22,1.75,0.3,11.9,1.88,0.3,12.5,35.43,30.0,45.56,53.12,28,73
2024-05-23,3.51,1.3,19.9,3.76,1.4,20.8,35.42,31.11,43.89,51.67,29,69
2024-05-24,1.8,0.0,10.6,1.92,0.0,10.9,32.23,29.44,36.11,60.81,46,72
2024-05-25,0.1,0.0,3.7,0.11,0.0,3.9,32.21,18.33,41.67,57.28,33,73
2024-05-26,0.18,0.0,1.0,0.22,0.0,1.1,32.66,29.44,42.22,59.6,32,73
2024-05-27,0.69,0.0,5.9,0.78,0.0,6.1,33.04,28.89,45.0,58.62,29,75
2024-05-28,0.54,0.0,2.6,0.61,0.0,2.7,30.56,29.44,33.33,68.79,57,78
2024-05-29,0.56,0.0,4.4,0.64,0.0,4.7,33.7,28.33,46.11,58.02,25,77
2024-05-30,0.57,0.0,4.6,0.64,0.0,4.8,31.47,28.33,39.44,62.94,40,74
2024-05-31,1.71,0.2,8.3,1.79,0.2,8.6,32.26,27.22,42.78,61.79,31,83
2024-06-01,0.42,0.0,2.4,0.47,0.0,2.6,33.12,29.44,43.89,58.79,32,72
2024-06-02,0.32,0.0,2.9,0.38,0.0,3.0,32.26,27.78,42.22,61.44,32,80
2024-06-03,2.27,0.0,11.9,2.4,0.0,12.2,33.65,27.78,44.44,56.83,30,72
2024-06-04,0.65,0.0,3.1,0.74,0.0,3.3,33.53,27.78,44.44,56.35,27,74
2024-06-05,2.09,0.1,9.2,2.25,0.2,9.6,35.34,29.44,46.11,51.38,27,73
2024-06-06,1.63,0.0,5.6,1.79,0.0,5.9,33.77,27.78,45.0,55.0,28,71
2024-06-07,1.53,0.0,10.0,1.7,0.1,10.5,31.12,28.33,36.67,65.12,46,79
2024-06-08,0.6,0.0,2.6,0.68,0.0,2.8,32.21,27.22,45.0,61.23,28,75
2024-06-09,0.91,0.0,8.0,1.0,0.0,8.5,32.2,27.78,42.22,62.15,33,82
2024-06-10,0.71,0.0,10.7,0.8,0.1,11.1,31.68,28.89,38.89,63.54,41,75
2024-06-11,0.85,0.0,13.9,0.96,0.0,14.8,34.69,28.89,45.56,55.1,26,73
2024-06-12,0.96,0.0,11.7,1.04,0.0,12.1,32.31,29.44,37.78,58.9,43,69
2024-06-13,0.65,0.0,5.6,0.71,0.0,5.9,32.58,27.78,42.22,60.23,32,76
2024-06-14,0.88,0.0,4.8,0.99,0.1,5.1,34.38,29.44,44.44,55.44,29,74
2024-06-15,0.13,0.0,0.7,0.17,0.0,0.8,33.85,28.33,44.44,53.54,28,70
2024-06-16,1.75,0.1,6.9,1.9,0.1,7.2,34.25,29.44,43.89,52.35,29,71
2024-06-17,3.61,1.2,10.5,3.81,1.3,11.1,34.53,29.44,44.44,52.6,27,75
2024-06-18,3.25,0.2,7.7,3.45,0.3,8.0,32.44,28.33,42.22,58.58,34,70
2024-06-19,1.54,1.2,1.8,1.7,1.4,1.9,30.87,30.0,31.11,65.43,64,66
2024-06-20,2.23,1.5,3.8,2.41,1.6,4.2,31.79,30.56,34.44,59.0,44,68
2024-06-21,2.01,0.0,11.5,2.13,0.0,12.0,32.91,28.89,44.44,59.94,28,76
2024-06-22,1.11,0.0,12.0,1.2,0.0,12.7,33.21,27.78,43.33,55.83,30,71
2024-06-23,0.82,0.0,5.8,0.9,0.0,6.0,34.17,27.22,46.11,53.1,26,74
2024-06-24,0.64,0.0,3.7,0.73,0.0,3.9,34.44,27.78,46.67,53.52,24,76
2024-06-25,0.97,0.0,5.9,1.07,0.0,6.3,34.59,28.33,45.56,50.23,25,68
2024-06-26,1.35,0.0,13.2,1.46,0.1,14.0,32.3,30.0,37.78,57.1,42,67
2024-06-27,0.96,0.3,3.2,1.04,0.3,3.3,34.78,28.89,46.11,52.79,24,71
2024-06-28,1.64,0.6,4.2,1.78,0.7,4.4,33.5,29.44,42.78,52.97,33,62
2024-06-29,2.26,0.0,9.8,2.39,0.1,10.3,30.24,26.67,40.56,65.67,34,84
2024-06-30,2.68,0.6,10.0,2.81,0.7,10.4,31.98,27.78,42.22,59.12,31,75
2024-07-01,2.59,1.0,4.5,2.74,1.1,4.7,34.35,29.44,46.11,53.62,26,68
2024-07-02,4.5,1.7,10.3,4.69,1.8,10.6,34.24,28.89,45.0,54.5,27,76
2024-07-03,4.28,1.2,7.9,4.52,1.4,8.2,32.3,30.0,36.11,58.7,45,67
2024-07-04,2.32,0.7,9.4,2.47,0.8,9.7,33.77,27.78,43.33,55.54,30,76
2024-07-05,2.17,0.0,15.4,2.37,0.0,16.3,33.47,28.89,45.0,55.88,28,71
2024-07-06,0.99,0.0,5.2,1.13,0.1,5.6,32.6,28.33,41.11,57.52,34,72
2024-07-07,3.1,1.4,6.8,3.29,1.5,7.1,31.45,27.78,42.22,61.83,33,80
2024-07-08,1.49,0.3,6.6,1.7,0.4,6.9,33.03,27.78,43.33,57.25,32,75
2024-07-09,2.41,0.0,12.5,2.68,0.1,13.3,34.38,28.89,43.89,52.56,28,68
2024-07-10,2.08,0.8,9.7,2.39,1.1,10.2,35.22,30.0,46.11,51.73,25,69
2024-07-11,1.06,0.0,9.4,1.24,0.0,9.7,31.54,27.78,38.89,59.62,41,73
2024-07-12,3.35,0.2,10.4,3.61,0.3,10.9,31.04,28.33,36.67,63.6,45,77
2024-07-13,2.06,0.4,5.6,2.25,0.5,6.0,29.31,23.89,32.78,67.54,50,78
2024-07-14,3.26,0.2,13.6,3.42,0.2,14.1,29.71,27.22,37.78,67.27,43,80
2024-07-15,5.18,1.0,10.8,5.4,1.1,11.2,31.99,27.22,43.33,59.4,30,76
2024-07-16,4.96,0.2,8.2,5.11,0.2,8.4,31.16,27.78,40.56,61.17,34,72
2024-07-17,3.79,0.1,13.0,3.96,0.1,13.4,29.7,26.67,36.67,65.54,41,82
2024-07-18,1.75,0.5,6.3,1.84,0.5,6.6,31.17,28.33,40.0,62.27,36,74
2024-07-19,6.35,3.6,18.5,6.58,3.8,19.2,31.97,27.78,42.22,60.52,33,77
2024-07-20,4.93,0.1,15.4,5.11,0.2,15.8,31.94,28.33,40.56,61.21,36,75
2024-07-21,5.06,2.3,14.0,5.24,2.4,14.6,32.37,27.78,42.22,57.31,33,72
2024-07-22,7.74,2.0,18.5,7.99,2.2,19.5,31.79,27.78,42.78,59.35,31,72
2024-07-23,8.47,0.5,59.3,8.83,0.6,64.4,31.35,26.67,41.11,62.44,36,79
2024-07-24,3.84,0.8,9.4,4.01,0.9,9.8,33.52,26.67,43.89,55.94,29,78
2024-07-25,4.49,1.7,10.5,4.71,1.8,11.0,34.76,30.0,44.44,51.12,27,72
2024-07-26,4.9,2.5,32.1,5.21,2.7,37.5,33.74,28.89,43.33,54.06,31,74
2024-07-27,4.23,1.9,16.3,4.39,2.0,16.9,32.65,28.89,41.11,57.08,32,74
2024-07-28,6.18,3.8,12.9,6.4,4.0,13.4,34.8,29.44,45.56,54.27,27,74
2024-07-29,5.46,2.4,12.7,5.67,2.5,13.3,35.15,28.33,46.11,50.94,24,71
2024-07-30,3.82,0.2,14.2,4.0,0.3,14.8,32.86,27.22,41.67,54.92,31,77
2024-07-31,6.25,4.1,26.2,6.54,4.3,28.0,34.88,28.33,45.0,49.35,25,69
2024-08-01,6.32,5.2,11.6,6.6,5.4,12.0,35.28,29.44,46.11,47.94,24,65
2024-08-02,3.81,0.3,8.6,4.02,0.4,9.0,31.4,27.78,38.33,59.56,39,74
2024-08-03,4.99,2.6,10.3,5.22,2.9,10.8,34.27,28.33,46.11,54.81,24,81
2024-08-04,6.14,4.6,8.7,6.38,4.8,9.0,35.71,30.0,46.67,49.02,25,67
2024-08-05,7.39,5.5,10.1,7.68,5.8,10.5,35.94,28.89,47.78,48.75,22,70
2024-08-06,7.38,4.8,17.3,7.65,5.0,17.8,34.65,30.0,42.22,49.38,31,65
2024-08-07,5.96,2.6,21.8,6.35,2.9,23.9,33.96,28.89,43.89,52.73,28,73
2024-08-08,1.75,0.3,4.3,1.93,0.3,4.6,35.29,28.89,48.33,48.92,21,65
2024-08-09,2.61,0.9,6.3,2.84,1.1,7.9,31.5,28.33,36.67,60.15,46,73
2024-08-10,3.61,1.0,10.2,3.77,1.0,10.6,29.62,27.78,37.78,66.42,42,77
2024-08-11,4.32,0.7,9.5,4.5,0.7,9.8,31.11,26.11,42.22,61.15,31,79
2024-08-12,4.14,0.9,12.7,4.31,0.9,13.2,31.91,27.22,42.22,57.46,33,75
2024-08-13,11.76,1.5,23.6,12.11,1.6,24.3,34.54,28.89,45.56,51.17,25,68
2024-08-14,4.88,1.1,13.8,5.13,1.3,14.3,34.7,27.78,45.56,50.1,24,71
2024-08-15,4.83,2.8,10.7,5.11,3.1,11.3,36.06,29.44,46.67,45.23,23,68
2024-08-16,11.32,7.5,18.6,11.75,7.9,19.3,36.44,30.0,46.67,44.42,23,64
2024-08-17,18.06,15.9,22.6,18.61,16.4,23.2,36.27,30.56,46.11,45.88,24,64
2024-08-18,19.28,14.8,26.6,19.89,15.2,27.9,35.34,28.33,46.67,47.29,23,66
2024-08-19,22.5,18.9,29.0,23.28,19.5,30.8,36.86,30.56,47.78,45.12,21,66
2024-08-20,19.98,15.2,27.8,20.7,15.8,29.5,36.72,30.56,47.78,43.75,21,60
2024-08-21,18.51,11.3,27.3,19.22,11.6,28.8,36.53,31.11,45.56,45.33,22,59
2024-08-22,13.33,10.0,16.8,13.86,10.3,17.4,35.66,30.56,46.67,47.4,24,62
2024-08-23,10.01,6.0,19.5,10.43,6.2,20.3,35.86,28.89,47.22,47.96,22,70
2024-08-24,8.27,2.7,13.2,8.59,2.8,13.6,36.48,30.56,46.11,43.21,22,59
2024-08-25,11.66,7.8,18.6,12.14,8.2,19.4,35.75,29.44,47.78,47.48,21,69
2024-08-26,20.2,15.0,25.0,20.9,15.6,25.7,35.47,31.11,47.78,46.79,22,61
2024-08-27,15.5,5.7,32.7,16.16,5.9,36.5,29.71,26.11,33.33,65.17,49,76
2024-08-28,6.76,0.9,16.5,7.02,1.0,17.2,33.28,26.67,45.0,55.25,25,78
2024-08-29,25.18,13.3,36.9,26.93,13.6,42.7,33.14,30.0,43.33,54.92,29,66
2024-08-30,20.61,13.5,26.9,21.19,13.8,28.1,34.07,28.89,47.78,52.15,23,67
2024-08-31,11.38,1.1,28.5,11.78,1.2,29.9,30.1,27.22,34.44,64.75,46,75
2024-09-01,5.51,0.4,15.2,5.73,0.5,15.6,33.43,27.78,45.0,56.5,27,76
2024-09-02,8.13,3.9,13.6,8.4,4.0,14.2,35.53,29.44,47.78,49.35,20,70
2024-09-03,7.16,4.4,11.2,7.43,4.5,11.6,36.01,30.0,46.11,47.31,24,66
2024-09-04,5.85,3.5,8.9,6.12,3.7,9.3,36.42,30.0,47.22,45.72,23,64
2024-09-05,6.84,4.8,10.9,7.16,5.0,11.3,36.48,30.56,48.33,46.5,22,62
2024-09-06,12.37,7.3,30.6,12.87,7.5,33.7,35.94,29.44,48.89,48.33,22,67
2024-09-07,12.92,9.4,18.3,13.31,9.7,18.9,36.69,31.11,48.33,45.77,21,65
2024-09-08,11.44,7.3,15.6,11.89,7.6,16.2,37.34,31.11,47.78,42.62,20,62
2024-09-09,9.65,7.5,15.0,10.06,7.8,15.6,37.52,31.11,48.33,42.31,20,63
2024-09-10,12.49,10.3,14.9,12.91,10.5,15.5,37.21,30.56,47.78,41.12,22,55
2024-09-11,14.55,11.8,17.4,15.01,12.2,18.0,37.49,31.11,48.33,42.25,20,57
2024-09-12,13.7,10.8,16.1,14.21,11.1,16.6,37.74,31.67,47.78,40.29,20,57
2024-09-13,14.22,12.1,17.6,14.75,12.5,18.1,37.2,30.56,47.78,41.33,22,60
2024-09-14,7.19,4.0,12.3,7.54,4.3,12.7,32.18,27.78,41.11,59.17,37,76
2024-09-15,6.71,5.2,8.9,7.01,5.4,9.4,35.41,29.44,46.67,52.0,23,71
2024-09-16,8.78,6.8,12.2,9.13,7.1,12.6,37.38,30.56,48.33,42.52,21,60
2024-09-17,10.57,3.9,14.8,10.92,4.1,15.1,36.46,29.44,48.33,44.25,21,59
2024-09-18,9.89,5.7,14.8,10.22,5.9,15.4,35.91,28.89,48.89,49.96,21,74
2024-09-19,9.73,6.0,20.0,10.1,6.3,20.7,37.25,31.11,46.67,43.46,21,61
2024-09-20,9.22,7.9,13.6,9.58,8.3,14.3,37.65,31.11,48.33,41.23,19,59
2024-09-21,10.87,5.8,15.3,11.27,6.0,15.8,37.14,31.11,47.78,41.52,20,57
2024-09-22,8.61,7.3,11.7,8.94,7.6,12.1,37.23,30.56,48.33,40.23,18,59
2024-09-23,12.57,9.4,15.2,12.95,9.8,15.8,37.43,31.11,47.78,39.54,20,57
2024-09-24,9.43,5.0,13.9,9.7,5.2,14.3,37.53,31.11,47.22,40.06,21,55
2024-09-25,5.82,2.6,10.9,6.04,2.8,11.9,35.74,28.89,46.11,44.08,24,61
2024-09-26,10.8,7.3,13.6,11.15,7.6,14.0,36.84,30.0,47.22,43.94,21,61
2024-09-27,13.25,10.2,18.7,13.64,10.5,19.2,36.66,30.56,46.11,46.25,23,66
2024-09-28,17.04,11.6,29.1,17.54,11.9,30.9,35.86,31.11,46.11,45.79,25,59
2024-09-29,12.27,4.6,22.4,12.62,4.8,23.2,35.83,30.0,47.22,47.27,21,67
2024-09-30,5.22,2.9,14.1,5.42,2.9,14.8,33.77,28.89,44.44,50.85,27,67
2024-10-01,6.01,2.2,11.1,6.23,2.3,11.6,34.56,28.89,45.56,48.31,27,62
2024-10-02,3.74,0.2,10.6,3.88,0.2,11.0,32.42,27.78,37.78,53.81,35,73
2024-10-03,3.03,0.6,6.2,3.17,0.6,6.5,35.42,27.78,48.89,46.02,18,67
2024-10-04,4.92,2.4,7.6,5.1,2.5,7.8,34.64,30.0,43.89,49.17,28,68
2024-10-05,7.02,1.7,28.4,7.35,1.7,31.3,31.15,28.33,35.56,59.44,44,68
2024-10-06,5.79,2.3,29.0,6.03,2.3,31.5,32.4,28.33,41.67,58.77,28,74
2024-10-07,5.4,3.1,16.9,5.58,3.2,17.9,35.47,29.44,46.67,48.15,23,67
2024-10-08,6.81,4.8,14.4,7.08,5.0,15.1,35.56,29.44,46.11,47.31,24,67
2024-10-09,6.2,4.6,8.6,6.41,4.8,8.8,36.48,30.56,46.67,44.44,22,60
2024-10-10,7.73,6.1,11.4,8.02,6.4,11.9,36.46,30.56,46.11,42.27,21,58
2024-10-11,8.54,4.4,12.9,8.86,4.6,13.4,36.47,30.56,45.56,42.21,23,59
2024-10-12,6.9,2.7,13.3,7.18,2.9,13.7,36.08,30.56,46.67,43.62,22,61
2024-10-13,7.16,4.6,11.5,7.42,4.9,11.9,35.95,30.56,45.0,42.9,24,59
2024-10-14,16.67,4.3,57.6,18.79,4.5,68.0,36.48,31.11,46.11,40.31,21,56
2024-10-15,7.63,5.7,12.5,7.9,6.0,13.0,36.61,30.0,46.67,40.5,20,59
2024-10-16,10.29,6.4,29.5,10.64,6.5,31.5,36.5,31.67,43.89,41.56,26,56
2024-10-17,8.26,4.9,13.6,8.55,5.0,14.0,35.65,30.0,45.56,45.15,25,60
2024-10-18,8.03,4.7,12.7,8.33,4.9,13.1,36.11,30.0,47.22,44.65,21,63
2024-10-19,6.16,2.0,10.6,6.38,2.1,11.0,36.68,30.56,46.67,39.27,19,57
2024-10-20,3.75,1.0,8.7,3.92,1.1,9.1,36.88,30.56,47.78,40.27,20,58
2024-10-21,3.55,1.9,9.4,3.72,2.1,9.7,36.9,31.11,45.56,43.02,26,58
2024-10-22,6.85,2.6,13.6,7.08,2.7,14.1,35.78,31.11,43.33,45.31,28,57
2024-10-23,6.82,4.8,10.6,7.15,5.0,11.1,34.98,28.33,45.56,46.96,21,72
2024-10-24,4.39,1.5,7.1,4.65,1.6,7.5,35.97,31.11,46.67,44.42,22,59
2024-10-25,6.62,3.0,20.0,6.9,3.3,20.8,35.1,30.56,44.44,47.92,27,62
2024-10-26,8.0,3.9,12.8,8.42,4.4,13.2,35.91,30.0,46.67,44.9,22,62
2024-10-27,8.2,5.6,11.4,8.58,5.9,11.9,35.64,30.0,44.44,44.38,24,62
2024-10-28,7.83,4.1,10.5,8.13,4.3,10.8,36.56,30.56,47.78,38.69,16,58
2024-10-29,10.3,7.6,16.7,10.66,8.0,17.3,36.48,30.0,46.67,36.54,19,52
2024-10-30,12.99,8.8,18.6,13.37,9.1,19.0,36.86,30.56,47.78,38.65,18,54
2024-10-31,12.14,6.1,18.1,12.49,6.5,19.2,36.97,31.11,47.22,39.67,20,55
2024-11-01,20.05,8.2,148.5,21.52,8.4,151.6,36.45,31.11,45.56,42.83,21,57
2024-11-02,9.6,6.5,13.7,9.85,6.8,14.0,37.04,31.67,46.67,40.27,21,55
2024-11-03,10.74,6.9,17.6,11.03,7.2,17.9,36.64,30.56,45.56,39.17,22,53
2024-11-04,9.17,6.0,17.3,9.45,6.3,17.7,36.77,31.11,46.67,42.38,21,58
2024-11-05,13.48,7.4,20.6,13.88,7.7,21.0,36.61,31.11,46.11,41.94,23,57
2024-11-06,13.33,6.0,18.0,13.87,6.4,19.3,34.81,30.0,45.0,45.84,22,60
2024-11-07,8.22,5.3,17.4,8.52,5.4,18.4,36.23,28.89,46.11,42.71,22,62
2024-11-08,10.46,7.6,20.8,10.82,7.8,21.5,33.44,29.44,41.11,55.04,34,69
2024-11-09,11.03,7.1,28.5,11.36,7.3,29.1,35.07,28.89,45.56,50.73,23,75
2024-11-10,10.0,4.8,24.2,10.38,5.1,24.8,36.49,30.56,47.22,39.65,18,55
2024-11-11,9.11,3.9,16.3,9.43,4.1,16.9,36.7,30.56,46.67,44.69,22,66
2024-11-12,3.25,1.1,6.8,3.39,1.1,7.1,36.57,30.56,46.67,43.29,23,59
2024-11-13,2.21,0.6,6.5,2.31,0.6,6.6,35.76,30.56,43.89,43.6,25,59
2024-11-14,3.32,0.1,7.8,3.44,0.1,8.0,32.55,29.44,35.0,52.5,43,61
2024-11-15,2.26,0.3,6.6,2.37,0.3,6.8,33.4,27.22,44.44,52.73,24,72
2024-11-16,3.34,0.0,7.2,3.49,0.1,7.4,31.49,25.0,37.22,63.38,44,94
2024-11-17,5.55,3.4,24.5,5.76,3.6,25.8,34.28,28.33,45.0,54.17,25,76
2024-11-18,4.22,1.5,18.7,4.4,1.6,19.8,35.22,30.56,46.67,48.35,24,60
2024-11-19,7.65,4.9,12.2,7.91,5.2,12.9,35.46,30.56,46.11,48.6,24,64
2024-11-20,12.23,8.8,16.4,12.57,9.1,16.8,34.7,30.56,40.56,49.57,34,62
2024-11-21,11.57,5.7,18.3,11.88,5.9,18.8,35.97,31.11,46.11,47.4,23,61
2024-11-22,7.85,4.7,11.8,8.12,4.8,12.2,36.03,30.56,46.11,43.85,23,61
2024-11-23,2.63,0.6,5.4,2.76,0.7,5.6,35.78,30.0,46.11,44.35,23,59
2024-11-24,3.59,0.4,7.3,3.76,0.5,7.5,35.47,31.11,44.44,45.29,26,61
2024-11-25,3.4,1.3,6.4,3.66,1.4,7.0,35.47,30.0,44.44,45.33,24,61
2024-11-26,6.64,3.9,12.4,6.97,4.3,12.7,35.35,30.56,45.0,44.4,25,60
2024-11-27,8.24,5.5,14.5,8.56,5.7,14.9,34.43,29.44,43.89,49.88,25,65
2024-11-28,5.3,3.4,6.8,5.59,3.8,7.1,34.59,30.0,42.22,42.68,27,56
2024-11-29,3.74,1.1,14.2,4.03,1.2,14.6,34.58,29.44,43.89,46.69,28,61
2024-11-30,6.23,3.4,11.1,6.64,3.7,11.8,33.94,29.44,43.89,49.67,26,62
2024-12-01,3.47,1.9,6.3,3.73,2.1,6.7,34.05,29.44,42.78,49.19,29,62
2024-12-02,3.17,1.0,7.7,3.52,1.2,8.3,34.29,29.44,42.78,47.17,29,61
2024-12-03,3.21,0.7,8.8,3.46,0.8,9.2,33.69,28.33,42.22,48.6,29,64
2024-12-04,4.35,2.4,6.7,5.0,2.7,7.8,33.33,28.33,42.22,48.35,27,64
2024-12-05,6.24,4.6,8.8,7.27,5.5,9.8,33.48,28.33,41.67,45.17,25,61
2024-12-06,5.38,2.5,13.6,6.21,3.2,14.8,33.32,27.78,41.67,43.33,25,59
2024-12-07,5.2,2.5,12.3,5.67,2.8,12.6,33.22,27.78,41.67,42.94,26,55
2024-12-08,4.66,1.0,51.2,5.17,1.0,59.6,33.87,28.89,43.33,44.81,26,59
2024-12-09,0.98,0.0,3.7,1.16,0.1,4.0,33.82,29.44,40.56,46.54,31,60
2024-12-10,1.09,0.1,6.9,1.25,0.2,7.3,34.07,29.44,42.22,48.0,29,61
2024-12-11,2.51,0.6,26.2,2.75,0.8,27.7,34.28,28.89,43.89,47.23,25,64
2024-12-12,4.67,3.1,20.1,5.49,3.9,22.7,34.53,28.89,42.78,45.17,27,61
2024-12-13,3.3,0.2,25.6,4.0,0.3,30.3,34.66,29.44,43.33,44.33,26,59
2024-12-14,8.31,0.2,34.1,8.92,0.4,38.3,34.84,30.0,45.0,45.54,24,61
2024-12-15,3.17,1.0,15.1,3.43,1.3,15.6,33.68,28.89,39.44,48.02,34,62
2024-12-16,2.94,1.1,4.0,3.15,1.2,4.3,33.47,30.0,38.89,47.92,34,57
2024-12-17,2.34,0.2,8.3,2.48,0.2,9.0,33.53,29.44,40.0,49.79,36,60
2024-12-18,4.85,0.8,12.4,5.09,0.9,12.9,33.46,28.33,41.67,52.29,29,69
2024-12-19,5.92,1.5,12.7,6.16,1.6,13.2,33.38,28.89,42.78,48.4,27,64
2024-12-20,4.7,1.7,8.5,4.95,1.8,8.8,33.67,28.89,42.78,49.71,29,63
2024-12-21,5.5,2.4,12.4,5.82,2.6,12.8,34.04,29.44,42.78,49.96,28,66
2024-12-22,5.54,3.4,8.4,5.93,3.7,9.0,34.12,29.44,41.67,48.44,29,65
2024-12-23,2.99,0.2,15.7,3.24,0.3,16.2,32.65,28.89,38.33,53.15,39,66
2024-12-24,7.43,1.2,15.1,9.88,1.8,20.4,32.59,28.33,40.0,51.21,32,67
2024-12-25,9.62,6.6,13.7,12.09,7.8,17.1,33.47,29.44,41.11,47.44,29,59
2024-12-26,7.07,5.1,8.7,8.46,6.2,10.5,33.63,28.89,42.78,45.9,26,61
2024-12-27,5.57,3.5,9.2,6.38,4.1,9.9,33.63,28.89,41.67,44.96,27,60
2024-12-28,5.03,2.5,12.7,5.54,2.7,13.2,34.42,28.89,43.89,44.46,25,60
2024-12-29,3.77,1.4,14.5,4.09,1.7,15.1,35.16,30.0,44.44,43.9,25,59
2024-12-30,2.83,0.9,6.3,3.1,1.1,6.6,35.78,30.56,45.0,42.54,23,58
2024-12-31,2.3,0.4,7.7,2.48,0.5,7.9,34.32,30.0,40.56,44.94,32,56
2025-01-01,2.46,0.2,12.0,2.59,0.3,12.3,34.63,28.89,44.44,45.83,23,63
2025-01-02,1.95,0.0,14.7,2.15,0.1,15.3,33.34,29.44,39.44,50.23,35,62
2025-01-03,4.49,2.6,7.7,4.74,2.8,8.0,33.44,28.89,41.67,50.67,31,63
2025-01-04,4.31,1.8,10.7,4.61,2.0,11.2,32.74,28.89,38.89,52.15,34,65
2025-01-05,8.41,3.8,17.8,8.96,4.0,18.7,33.37,28.89,41.67,48.88,26,65
2025-01-06,9.25,3.6,16.9,10.11,4.1,17.9,33.29,28.33,41.11,45.31,26,60
2025-01-07,7.49,4.9,11.8,8.28,5.7,12.6,33.22,28.33,40.0,44.27,28,61
2025-01-08,6.22,2.1,11.3,6.96,2.5,12.1,33.3,28.33,40.56,42.75,28,57
2025-01-09,5.85,3.5,14.5,6.64,3.9,15.8,33.89,28.33,44.44,38.65,19,55
2025-01-10,5.86,3.4,16.0,6.5,4.0,16.8,34.4,28.33,43.33,37.77,20,53
2025-01-11,6.6,3.9,25.2,7.15,4.5,26.4,34.58,30.0,41.67,40.21,27,51
2025-01-12,7.01,1.6,13.6,7.63,1.8,14.7,33.01,29.44,38.33,45.69,32,57
2025-01-13,11.02,6.1,18.8,11.93,6.7,19.7,33.07,27.78,40.0,41.65,23,59
2025-01-14,14.09,10.3,17.4,15.2,11.1,18.9,33.19,28.33,41.11,42.1,25,59
2025-01-15,10.94,4.8,17.9,11.76,5.1,19.0,33.52,28.33,42.22,40.9,22,55
2025-01-16,6.91,3.5,10.8,7.39,3.9,11.3,33.74,27.78,43.89,37.79,19,55
2025-01-17,5.08,1.3,13.3,5.36,1.4,13.8,34.2,28.33,43.33,36.67,20,51
2025-01-18,10.11,5.8,20.6,10.69,6.2,21.6,34.44,28.89,43.33,37.62,21,51
2025-01-19,7.87,1.7,22.5,8.34,1.9,23.5,33.99,28.89,42.22,38.0,24,53
2025-01-20,3.29,0.5,26.6,3.62,0.8,29.8,33.68,28.33,41.11,38.06,21,54
2025-01-21,3.59,1.2,13.0,4.03,1.5,13.5,32.94,27.78,39.44,41.92,29,56
2025-01-22,1.61,0.5,6.5,2.12,1.0,7.0,32.65,28.33,41.11,43.54,27,53
2025-01-23,1.66,0.0,6.9,1.88,0.0,7.5,32.03,27.78,40.56,51.62,32,67
2025-01-24,0.08,0.0,1.6,0.13,0.0,1.7,32.58,28.33,43.33,53.17,28,64
2025-01-25,0.24,0.0,0.9,0.31,0.0,1.3,31.04,27.22,36.11,59.94,43,74
2025-01-26,0.7,0.0,2.5,0.84,0.0,2.6,32.0,27.78,40.56,51.27,30,61
2025-01-27,1.65,0.0,12.1,1.78,0.0,12.4,32.93,28.33,41.11,50.48,30,68
2025-01-28,0.87,0.3,2.0,1.11,0.5,2.2,33.97,28.33,45.0,46.12,23,62
2025-01-29,0.81,0.0,1.8,0.88,0.0,2.0,33.43,27.78,42.22,48.68,30,65
2025-01-30,4.37,1.4,9.0,4.78,1.6,9.4,32.12,28.89,36.67,52.56,40,62
2025-01-31,11.97,9.2,13.9,13.3,10.1,15.6,32.99,28.33,40.56,48.9,29,64
2025-02-01,11.88,9.4,15.4,13.8,10.6,18.0,32.65,28.33,39.44,46.17,28,61
2025-02-02,8.7,2.6,18.7,10.29,3.0,19.8,32.67,27.22,40.56,42.81,25,57
2025-02-03,6.02,1.1,9.8,7.01,1.3,11.1,33.21,28.33,40.56,43.27,29,59
2025-02-04,5.48,0.4,16.9,6.49,0.5,19.2,32.73,28.89,39.44,48.18,30,59
2025-02-05,2.49,0.7,4.7,2.92,1.0,5.7,33.41,28.89,41.67,48.56,29,63
2025-02-06,0.46,0.0,2.1,0.61,0.0,2.5,33.96,29.44,42.22,47.29,28,60
2025-02-07,0.27,0.0,1.2,0.42,0.0,1.7,33.33,28.33,42.22,49.1,28,66
2025-02-08,4.05,0.9,8.0,4.65,1.1,8.7,33.85,29.44,41.11,46.31,29,59
2025-02-09,5.97,2.4,17.2,6.58,2.7,18.2,32.95,29.44,39.44,48.94,33,57
2025-02-10,3.37,1.4,12.4,3.84,1.7,13.6,33.3,28.89,41.11,47.73,27,61
2025-02-11,0.64,0.0,5.4,0.88,0.1,6.1,32.75,28.89,40.56,47.31,30,57
2025-02-12,1.62,0.2,2.7,2.34,0.3,4.1,33.21,28.33,40.56,45.44,30,59
2025-02-13,0.43,0.0,1.3,0.68,0.0,1.9,33.43,28.33,42.22,47.88,28,62
2025-02-14,1.9,0.5,6.9,2.49,0.6,7.6,32.95,29.44,41.11,47.33,28,58
2025-02-15,1.88,0.5,5.0,2.23,0.6,5.4,33.22,29.44,41.11,46.38,29,61
2025-02-16,4.82,1.8,14.1,5.23,2.1,14.7,33.73,29.44,39.44,43.67,31,58
2025-02-17,3.52,0.8,10.6,3.95,0.9,11.1,33.45,28.89,41.67,44.9,27,54
2025-02-18,2.66,0.1,6.4,3.0,0.1,7.2,33.87,27.78,45.0,46.25,22,61
2025-02-19,4.17,0.6,7.7,4.61,0.6,8.5,33.7,28.89,41.67,44.88,27,57
2025-02-20,4.48,2.6,6.6,4.96,3.0,7.4,32.87,27.22,41.67,52.71,30,70
2025-02-21,5.4,1.2,16.1,6.01,1.4,16.6,32.69,28.33,40.56,49.23,30,63
2025-02-22,6.32,1.7,18.7,6.89,1.9,19.5,32.82,28.33,39.44,49.08,32,64
2025-02-23,4.9,3.3,7.4,5.46,3.6,7.9,33.85,28.89,41.67,45.58,27,59
2025-02-24,6.21,2.8,8.5,7.04,3.0,9.8,33.67,28.89,42.22,44.98,27,58
2025-02-25,6.26,4.0,11.3,6.96,4.5,12.2,33.92,28.33,42.78,43.33,26,59
2025-02-26,7.03,4.5,10.3,7.72,5.1,11.0,34.33,28.89,43.89,41.77,22,54
2025-02-27,9.11,6.0,16.7,10.51,6.8,17.7,33.06,28.33,39.44,42.59,29,55
2025-02-28,8.11,4.4,13.2,9.98,5.6,14.5,34.11,28.33,44.44,40.33,21,55
2025-03-01,5.39,3.0,9.6,6.51,3.8,10.9,34.51,27.78,45.56,37.52,18,52
2025-03-02,4.35,1.9,11.1,5.17,2.4,12.1,35.68,28.33,47.22,35.17,15,52
2025-03-03,4.97,1.1,10.5,6.06,1.8,11.4,36.42,30.0,46.11,38.1,21,55
2025-03-04,1.77,0.3,6.2,2.16,0.6,6.8,35.98,29.44,46.11,40.54,21,57
2025-03-05,2.1,0.3,8.0,2.43,0.5,8.5,36.22,30.0,47.22,38.17,18,55
2025-03-06,3.9,1.2,13.6,4.32,1.6,14.2,35.13,30.0,42.78,40.15,26,56
2025-03-07,2.55,0.1,9.8,2.76,0.1,10.3,34.46,28.33,44.44,46.4,24,73
2025-03-08,1.19,0.0,5.7,1.29,0.0,5.9,27.73,25.56,32.78,74.62,56,91
2025-03-09,5.23,0.1,25.5,5.46,0.1,26.9,29.73,26.67,37.22,67.81,44,78
2025-03-10,0.05,0.0,0.4,0.1,0.0,0.5,32.59,27.78,45.0,58.81,28,76
2025-03-11,0.44,0.0,3.0,0.56,0.0,3.3,33.81,28.89,43.33,48.48,25,66
2025-03-12,0.3,0.0,4.2,0.35,0.0,4.4,30.21,27.78,35.56,62.15,44,72
2025-03-13,0.22,0.0,1.8,0.3,0.0,2.0,33.58,27.78,44.44,53.77,25,72
2025-03-14,0.51,0.0,6.0,0.59,0.1,6.2,34.34,28.89,43.33,50.1,31,67
2025-03-15,1.16,0.0,4.3,1.32,0.1,4.6,30.09,27.22,33.89,65.52,53,75
2025-03-16,1.73,0.1,6.3,1.91,0.2,6.7,31.54,26.67,43.89,63.48,30,84
2025-03-17,2.01,0.4,5.6,2.24,0.5,6.4,32.47,29.44,39.44,59.77,38,72
2025-03-18,3.96,0.7,12.0,4.35,0.9,12.8,34.38,28.33,45.0,53.42,25,75
2025-03-19,6.6,4.9,10.1,7.18,5.6,10.7,34.81,28.89,43.89,46.5,27,66
2025-03-20,6.25,2.2,9.5,6.93,2.4,10.2,33.25,30.0,42.22,54.48,34,66
2025-03-21,7.97,6.0,11.1,8.8,6.8,12.4,33.34,27.78,43.33,49.79,24,68
2025-03-22,7.7,3.6,12.4,8.59,4.2,13.4,33.7,28.33,43.89,45.77,25,63
2025-03-23,6.34,4.2,9.3,7.16,4.8,10.3,33.55,27.78,42.22,44.94,25,62
2025-03-24,6.14,3.8,9.9,7.01,4.5,10.9,33.7,27.78,42.22,42.69,24,58
2025-03-25,7.16,3.1,18.3,7.91,3.6,19.2,33.95,28.89,42.22,42.12,23,57
2025-03-26,7.73,3.1,21.9,8.54,3.6,22.8,34.46,28.89,43.89,42.25,24,57
2025-03-27,4.31,2.1,8.3,4.96,2.3,9.3,34.38,29.44,42.78,43.25,27,57
2025-03-28,6.01,2.9,15.3,6.79,3.3,16.0,34.86,29.44,45.0,40.33,20,55
2025-03-29,4.1,1.0,6.2,4.66,1.2,6.9,34.73,29.44,42.78,42.21,27,57
2025-03-30,3.17,0.2,25.1,3.7,0.4,26.2,33.88,28.89,42.78,43.69,24,57
2025-03-31,4.54,2.0,18.7,5.16,2.6,19.6,34.59,28.89,45.0,41.48,23,56
2025-04-01,2.23,0.0,12.0,2.5,0.0,12.4,33.6,27.78,41.11,48.44,30,69
2025-04-02,1.64,0.0,13.5,1.9,0.0,14.0,34.19,28.89,44.44,49.06,27,62
2025-04-03,1.88,0.0,4.4,2.33,0.0,5.4,31.41,28.33,36.11,56.81,42,65
2025-04-04,0.79,0.0,2.0,1.06,0.0,2.6,32.05,28.33,41.67,57.85,33,70
2025-04-05,0.92,0.1,3.1,1.18,0.2,3.5,33.92,28.89,45.56,53.27,25,73
2025-04-06,1.12,0.0,5.9,1.24,0.0,6.2,31.13,26.67,36.67,61.98,44,76
2025-04-07,0.8,0.0,4.5,0.92,0.0,4.7,31.35,27.22,38.33,62.33,40,76
2025-04-08,1.25,0.0,4.9,1.41,0.0,5.2,31.76,27.78,41.11,61.65,36,75
2025-04-09,1.93,0.0,20.8,2.09,0.0,21.8,30.51,27.22,38.33,67.27,42,81
2025-04-10,2.12,0.0,8.7,2.35,0.0,9.2,32.53,27.78,42.78,59.38,31,73
2025-04-11,6.49,3.4,11.3,7.19,3.7,12.3,33.95,28.89,41.67,52.9,30,70
2025-04-12,5.1,2.3,11.7,5.61,2.6,12.6,34.38,28.89,44.44,49.75,27,65
2025-04-13,2.84,0.2,16.6,3.13,0.4,17.5,34.66,28.89,47.22,50.21,22,65
2025-04-14,4.42,2.8,7.0,4.8,3.0,7.3,34.55,28.89,45.56,50.85,26,66
2025-04-15,4.72,2.5,12.0,5.15,2.8,12.7,34.75,28.89,43.89,48.04,27,65
2025-04-16,2.91,0.3,12.7,3.14,0.4,13.2,34.47,27.78,46.11,53.33,25,77
2025-04-17,0.4,0.0,1.6,0.48,0.0,1.7,33.68,28.89,43.33,54.75,31,69
2025-04-18,1.58,0.4,4.4,1.82,0.4,5.1,34.38,30.0,43.33,53.96,31,67
2025-04-19,0.89,0.0,8.9,1.03,0.0,9.8,32.67,27.22,40.56,57.23,38,68
2025-04-20,2.19,0.0,11.5,2.52,0.0,11.9,30.37,28.33,34.44,63.1,52,70
2025-04-21,1.69,0.0,8.5,1.96,0.1,8.8,31.84,26.67,40.56,59.06,34,77
2025-04-22,1.09,0.3,5.1,1.25,0.3,5.4,34.61,28.89,47.22,50.52,23,69
2025-04-23,0.74,0.0,4.6,0.85,0.1,4.9,34.31,28.89,42.78,52.62,32,69
2025-04-24,1.72,0.0,8.1,1.85,0.0,8.6,32.94,28.33,42.78,58.73,32,72
2025-04-25,4.55,1.3,23.6,5.0,1.6,24.8,34.86,28.33,45.0,54.67,25,80
2025-04-26,4.64,3.0,6.3,5.39,3.4,7.0,34.47,28.89,45.0,49.52,26,65
2025-04-27,4.03,2.8,9.6,4.76,3.4,10.3,34.22,29.44,41.67,48.77,31,63
2025-04-28,2.71,0.4,12.8,3.09,0.6,13.6,35.14,29.44,47.22,49.58,23,64
2025-04-29,3.38,0.7,6.4,4.04,0.8,7.9,33.48,30.0,40.0,55.08,34,70
2025-04-30,4.69,0.9,17.3,5.24,1.1,18.4,32.08,27.78,40.56,60.88,33,80
2025-05-01,4.25,1.5,10.9,4.75,1.7,12.1,32.03,27.78,41.67,59.52,32,76
2025-05-02,0.9,0.0,2.9,1.05,0.0,3.2,34.83,29.44,46.67,51.96,23,69
2025-05-03,3.55,0.3,21.7,3.79,0.4,24.3,31.45,27.78,35.0,62.44,52,76
2025-05-04,1.94,0.0,8.6,2.05,0.0,8.8,30.57,27.78,39.44,67.12,40,79
2025-05-05,1.24,0.0,8.1,1.36,0.0,8.8,32.92,25.56,45.56,58.29,27,80
2025-05-06,2.15,0.1,11.6,2.3,0.1,11.9,33.04,28.33,46.11,59.96,28,79
2025-05-07,1.06,0.0,5.3,1.18,0.1,5.5,32.67,27.78,42.78,59.0,31,76
2025-05-08,0.63,0.1,2.7,0.74,0.1,2.8,32.04,29.44,40.0,60.67,38,72
2025-05-09,0.38,0.0,2.7,0.46,0.0,2.8,33.45,28.33,43.89,56.0,30,72
2025-05-10,0.69,0.1,6.3,0.77,0.1,6.6,34.85,29.44,45.56,52.0,27,68
2025-05-11,0.9,0.0,5.3,0.98,0.0,5.5,33.76,30.0,40.0,54.38,35,66
2025-05-12,0.42,0.0,3.5,0.45,0.0,3.6,34.05,28.33,45.0,55.17,28,74
2025-05-13,1.28,0.0,12.8,1.46,0.0,13.4,33.63,28.89,42.78,54.54,31,68
2025-05-14,0.16,0.0,1.4,0.21,0.0,1.5,31.32,28.33,36.11,62.46,46,73
2025-05-15,1.98,0.1,18.4,2.14,0.2,19.9,33.16,27.78,42.78,60.46,32,82
2025-05-16,0.44,0.0,5.9,0.52,0.0,6.1,34.51,29.44,44.44,55.02,26,72
2025-05-17,1.12,0.0,9.4,1.21,0.0,9.7,29.8,27.22,32.22,67.77,60,74
2025-05-18,0.42,0.0,3.6,0.46,0.0,3.8,28.63,26.11,34.44,71.5,49,87
2025-05-19,0.61,0.0,14.5,0.69,0.0,16.8,32.11,27.22,42.78,61.88,31,80
2025-05-20,0.37,0.0,3.1,0.42,0.0,3.4,31.9,27.78,40.0,60.31,36,75
2025-05-21,0.14,0.0,0.9,0.18,0.0,0.9,32.27,28.89,41.67,59.12,37,69
2025-05-22,0.04,0.0,0.4,0.08,0.0,0.4,33.04,28.33,43.33,55.94,30,73
2025-05-23,1.42,0.0,4.3,1.79,0.0,5.4,33.7,28.89,44.44,53.73,32,69
2025-05-24,1.39,0.0,9.7,1.68,0.0,9.9,33.03,28.89,42.22,56.33,34,70
2025-05-25,2.71,0.2,19.8,2.87,0.3,20.8,33.69,28.33,45.0,58.46,30,80
2025-05-26,0.56,0.0,6.0,0.64,0.0,6.2,32.25,27.78,42.78,59.35,34,70
2025-05-27,1.48,0.1,10.4,1.64,0.2,10.7,33.15,28.89,41.11,57.1,33,69
2025-05-28,3.06,0.2,5.8,3.88,0.4,7.0,30.68,28.89,32.22,61.75,52,70
2025-05-29,2.53,0.0,8.8,3.06,0.0,10.1,33.29,28.89,43.33,58.12,30,75
2025-05-30,1.94,0.3,8.8,2.1,0.3,9.1,34.77,28.33,43.89,53.54,28,78
2025-05-31,3.09,0.2,16.2,3.29,0.2,16.7,32.04,28.89,40.56,59.77,35,71
2025-06-01,0.91,0.0,10.0,1.01,0.1,10.4,30.54,28.33,36.67,66.73,47,78
2025-06-02,0.75,0.1,8.9,0.94,0.2,9.3,32.36,26.67,43.89,61.54,31,76
2025-06-03,1.24,0.0,4.6,1.67,0.0,4.8,33.29,28.33,42.22,56.38,32,73
2025-06-04,2.66,1.1,4.5,3.46,1.3,5.9,33.76,28.33,42.78,52.46,30,66
2025-06-05,1.32,0.0,18.2,1.54,0.0,19.9,34.1,28.33,43.33,52.25,27,69
2025-06-06,2.06,0.0,18.6,2.25,0.0,19.7,33.92,28.33,43.33,51.85,29,64
2025-06-07,1.63,0.0,19.2,1.75,0.0,20.0,32.34,25.56,41.67,56.25,33,74
2025-06-08,0.78,0.0,8.3,0.84,0.0,8.8,33.62,27.22,44.44,53.83,27,75
2025-06-09,0.22,0.0,2.1,0.3,0.0,2.3,32.66,27.78,42.22,57.33,34,71
2025-06-10,1.33,0.0,9.5,1.5,0.0,10.4,31.41,27.78,36.67,62.44,46,79
2025-06-11,0.76,0.0,4.6,0.87,0.0,4.8,33.29,27.22,44.44,56.5,27,77
2025-06-12,2.36,0.0,15.8,2.53,0.0,16.4,31.31,26.67,40.0,62.04,40,80
2025-06-13,1.11,0.0,12.0,1.2,0.0,12.5,32.56,26.67,44.44,59.92,31,78
2025-06-14,1.35,0.1,2.8,1.68,0.2,3.6,33.83,28.33,45.0,54.98,27,72
2025-06-15,0.91,0.1,6.5,1.06,0.2,6.8,33.3,28.33,41.67,55.5,32,72
2025-06-16,1.29,0.6,2.3,1.48,0.7,2.6,33.91,28.89,42.78,53.98,31,68
2025-06-17,1.99,0.0,16.9,2.2,0.1,18.0,31.65,28.33,38.33,62.62,44,83
2025-06-18,1.69,0.1,15.9,1.84,0.1,16.6,31.78,27.78,41.67,66.08,35,84
2025-06-19,1.07,0.0,5.1,1.16,0.0,5.3,32.48,27.22,43.33,58.85,31,76
2025-06-20,2.32,0.3,31.9,2.54,0.3,37.0,32.44,27.78,41.11,57.96,33,77
2025-06-21,1.71,0.0,5.8,1.83,0.1,6.0,29.88,26.67,37.78,62.98,42,78
2025-06-22,1.88,0.2,6.6,2.0,0.2,6.8,32.92,27.78,45.0,58.04,25,79
2025-06-23,4.61,1.7,14.1,4.81,1.8,14.6,34.05,28.33,45.0,54.81,28,77
2025-06-24,9.15,5.0,33.9,9.55,5.1,39.1,34.79,29.44,44.44,49.9,28,67
2025-06-25,5.46,2.6,12.9,5.67,2.7,13.4,33.4,29.44,41.11,53.92,36,66
2025-06-26,1.62,0.0,9.2,1.8,0.1,9.6,33.72,27.78,45.0,54.17,27,74
2025-06-27,4.98,2.0,31.4,5.34,2.2,34.1,33.98,28.89,44.44,51.96,29,67
2025-06-28,4.43,1.0,16.5,4.68,1.1,17.1,33.48,28.89,42.22,57.69,35,73
2025-06-29,1.45,0.1,4.7,1.57,0.1,4.9,33.94,28.33,44.44,54.58,28,70
2025-06-30,2.45,0.7,13.8,2.59,0.7,14.2,34.49,28.89,44.44,53.35,28,73
2025-07-01,1.77,1.1,3.8,1.98,1.2,4.0,35.09,28.89,46.11,49.02,25,66
2025-07-02,3.28,1.4,7.3,3.44,1.4,7.5,34.64,30.0,43.89,49.85,29,64
2025-07-03,0.9,0.0,5.9,0.99,0.0,6.2,30.13,26.11,36.11,62.88,44,81
2025-07-04,1.66,0.0,9.5,1.75,0.0,9.7,29.92,26.11,37.78,63.65,39,80
2025-07-05,2.65,0.0,13.4,2.86,0.0,13.9,30.66,26.11,41.67,60.0,32,76
2025-07-06,1.28,0.1,10.6,1.4,0.1,11.1,30.82,26.67,38.89,61.35,33,79
2025-07-07,0.72,0.1,4.5,0.8,0.1,4.7,31.12,28.33,37.78,60.98,42,70
2025-07-08,3.58,0.2,23.7,3.75,0.2,24.8,31.7,28.33,39.44,61.56,38,74
2025-07-09,1.78,0.5,4.9,1.91,0.7,5.2,31.4,27.78,40.56,62.12,38,74
2025-07-10,2.88,0.3,13.1,3.02,0.4,13.5,30.76,27.78,38.89,65.75,40,77
2025-07-11,3.0,0.0,23.5,3.17,0.0,24.4,31.48,26.67,41.11,61.69,33,78
2025-07-12,2.02,0.0,17.1,2.12,0.0,18.0,30.86,26.67,41.11,61.65,33,75
2025-07-13,4.47,0.0,22.3,4.76,0.0,23.9,32.55,27.22,42.22,57.69,32,75
2025-07-14,0.72,0.0,2.7,0.84,0.0,2.9,32.12,28.33,42.22,59.73,32,73
2025-07-15,1.14,0.0,4.0,1.23,0.0,4.2,31.6,26.67,41.11,62.02,34,84
2025-07-16,1.05,0.0,4.7,1.13,0.0,5.0,34.18,27.22,45.0,54.65,27,78
2025-07-17,2.24,0.5,12.0,2.49,0.8,12.7,31.09,28.33,36.67,62.06,43,76
2025-07-18,3.82,0.4,15.9,4.06,0.6,16.6,32.97,27.22,45.0,56.27,27,76
2025-07-19,4.67,0.1,11.9,4.86,0.1,12.2,32.34,28.33,43.33,58.4,31,72
2025-07-20,3.42,0.2,31.0,3.69,0.3,34.1,31.61,27.22,41.11,62.06,35,78
2025-07-21,1.53,0.0,13.5,1.64,0.0,14.1,32.01,27.22,43.89,61.42,29,78
2025-07-22,2.97,1.5,16.1,3.12,1.6,16.9,32.05,28.33,40.56,59.08,36,73
2025-07-23,5.23,0.6,13.1,5.44,0.7,13.7,33.56,28.33,45.56,56.69,27,74
2025-07-24,4.62,1.3,29.9,4.95,1.4,34.4,34.33,28.89,44.44,55.25,28,75
2025-07-25,3.01,0.0,15.7,3.15,0.1,16.0,31.94,27.78,37.78,59.38,43,71
2025-07-26,3.02,1.9,4.8,3.16,1.9,5.0,34.07,28.89,43.89,56.33,29,74
2025-07-27,3.91,0.5,23.4,4.09,0.6,24.3,33.32,28.89,43.33,56.54,31,71
2025-07-28,5.59,3.4,10.7,5.82,3.6,11.0,34.43,28.89,45.0,52.79,28,69
2025-07-29,6.04,2.5,19.0,6.36,2.6,20.2,34.41,28.89,46.67,53.34,26,70
2025-07-30,5.28,3.0,11.5,5.56,3.2,12.0,35.87,29.44,47.22,50.08,21,71
2025-07-31,4.55,2.2,11.2,4.77,2.4,11.5,33.22,29.44,46.11,53.54,25,68
2025-08-01,2.24,0.3,5.8,2.4,0.4,6.2,34.17,28.33,43.89,51.35,26,67
2025-08-02,2.55,1.3,7.8,2.71,1.4,8.1,34.9,29.44,45.56,47.98,24,66
2025-08-03,4.7,2.2,12.3,4.97,2.4,12.6,35.34,28.33,46.11,44.6,20,63
2025-08-04,6.38,3.8,20.9,6.66,4.0,21.5,35.52,28.33,47.22,42.23,20,59
2025-08-05,7.08,3.2,20.6,7.4,3.5,21.4,35.42,29.44,45.56,46.88,25,64
2025-08-06,5.4,0.1,13.9,5.64,0.2,14.4,32.27,26.67,38.33,54.42,36,71
2025-08-07,3.67,0.8,6.6,3.82,0.9,6.9,32.08,26.11,41.11,57.15,33,74
2025-08-08,3.04,0.0,7.0,3.14,0.0,7.2,29.42,26.67,35.56,65.15,47,75
2025-08-09,1.48,0.4,4.1,1.56,0.5,4.2,32.09,26.67,42.78,55.56,29,73
2025-08-10,2.98,0.2,16.7,3.14,0.3,17.8,33.98,26.11,43.89,53.71,28,79
2025-08-11,4.15,2.7,7.1,4.33,2.8,7.4,33.51,29.44,42.22,53.15,32,68
2025-08-12,2.14,0.0,7.4,2.26,0.1,7.6,32.16,26.67,42.78,57.94,29,78
2025-08-13,3.74,1.7,6.3,3.94,1.9,6.5,33.89,28.33,43.89,53.73,28,72
2025-08-14,4.2,2.0,7.5,4.38,2.2,7.7,31.57,29.44,39.44,59.88,38,71
2025-08-15,5.89,3.1,8.4,6.06,3.2,8.6,30.69,27.78,35.56,64.6,48,77
2025-08-16,3.89,2.5,12.2,4.01,2.6,12.5,33.32,28.33,45.0,56.65,26,74
2025-08-17,3.57,1.9,7.1,3.75,2.0,7.4,33.68,29.44,44.44,53.19,28,67
2025-08-18,4.81,2.6,12.6,5.08,2.7,13.6,35.25,28.33,47.22,51.85,23,76
2025-08-19,4.46,2.3,8.2,4.71,2.5,8.7,35.88,29.44,46.67,47.65,23,68
2025-08-20,4.36,2.5,14.5,4.66,2.8,15.5,34.62,28.89,44.44,49.42,28,70
2025-08-21,4.19,2.4,11.5,4.48,2.6,11.9,35.06,29.44,46.11,50.48,25,66
2025-08-22,5.69,3.1,16.5,5.97,3.3,17.5,35.87,30.0,46.11,47.17,22,66
2025-08-23,4.47,2.7,6.5,4.79,2.9,6.8,35.74,30.0,46.67,44.48,22,60
2025-08-24,4.39,2.1,12.7,4.66,2.3,13.4,35.74,30.0,47.22,46.79,22,62
2025-08-25,3.83,3.0,5.0,4.02,3.2,5.2,35.45,30.56,43.89,46.46,27,60
2025-08-26,5.17,1.0,21.7,5.41,1.2,22.6,32.0,28.89,40.0,57.48,37,70
2025-08-27,7.97,5.1,29.6,8.36,5.3,33.1,33.77,27.78,45.56,55.08,27,75
2025-08-28,11.04,7.3,21.9,11.46,7.5,22.8,35.23,28.33,46.11,49.69,23,69
2025-08-29,5.37,2.4,13.9,5.62,2.6,14.5,35.14,28.89,45.56,46.62,22,63
2025-08-30,3.42,1.4,6.4,3.66,1.6,6.7,34.06,28.33,46.11,51.48,25,70
2025-08-31,3.62,0.4,10.6,3.82,0.5,11.0,33.14,28.33,43.89,56.96,30,74
2025-09-01,4.34,2.8,6.3,4.59,3.0,6.7,34.55,29.44,45.0,51.35,26,68
2025-09-02,5.14,3.1,6.7,5.43,3.4,7.0,35.12,29.44,46.67,48.67,23,66
2025-09-03,6.16,4.6,9.9,6.45,4.9,10.1,35.29,29.44,45.56,47.52,24,69
2025-09-04,5.44,3.6,9.5,5.73,3.8,10.2,32.53,29.44,41.11,57.12,34,68
2025-09-05,4.85,2.5,19.6,5.06,2.7,20.4,33.96,28.89,45.56,55.12,24,73
2025-09-06,6.36,3.9,16.9,6.64,4.1,17.8,34.1,28.89,45.0,50.46,26,65
2025-09-07,8.76,4.7,14.8,9.02,4.9,15.1,33.08,28.33,42.78,53.83,30,68
2025-09-08,10.64,7.1,21.7,10.98,7.3,22.5,33.24,28.89,45.0,53.4,27,67
2025-09-09,12.58,9.2,22.6,12.96,9.4,23.4,34.81,28.33,46.11,48.69,23,70
2025-09-10,14.88,9.2,21.0,15.32,9.6,21.6,35.72,29.44,45.56,45.92,23,63
2025-09-11,20.11,17.3,28.2,20.65,17.6,29.4,36.55,30.56,48.33,46.46,21,66
2025-09-12,20.15,15.7,24.6,20.6,15.9,25.1,37.41,31.11,48.33,42.65,20,62
2025-09-13,17.99,4.4,24.4,18.45,4.5,25.1,36.41,30.56,47.22,42.31,23,56
2025-09-14,15.74,9.9,19.8,16.2,10.2,20.5,35.73,30.0,47.22,45.35,22,62
2025-09-15,17.09,12.7,22.9,17.56,13.0,23.6,36.69,30.0,46.67,42.9,22,65
2025-09-16,15.72,10.8,25.7,16.18,11.1,26.7,36.92,30.56,48.33,41.92,21,58
2025-09-17,18.13,7.3,27.2,18.68,7.6,28.0,35.03,30.56,42.78,45.65,30,58
2025-09-18,13.35,7.8,28.3,13.76,8.1,29.8,35.21,28.33,47.78,49.33,23,71
2025-09-19,20.11,15.5,26.1,20.73,15.9,27.7,35.93,29.44,45.56,46.38,23,68
2025-09-20,25.52,20.3,31.3,26.4,20.7,33.7,36.18,29.44,47.22,43.0,21,62
2025-09-21,16.26,9.7,25.4,16.86,10.2,26.2,35.97,28.89,46.11,41.38,21,61
2025-09-22,11.36,5.7,19.7,11.98,6.5,20.3,36.12,30.0,46.67,43.15,23,60
2025-09-23,11.12,8.7,15.8,11.56,9.2,16.3,36.59,30.0,47.22,42.92,19,61
2025-09-24,15.69,10.6,23.3,16.15,11.0,23.9,36.13,30.0,46.11,41.4,23,58
2025-09-25,12.36,8.3,23.3,12.77,8.6,23.9,36.45,31.11,46.67,39.33,19,54
2025-09-26,15.97,9.6,37.3,16.69,9.8,43.2,36.96,30.56,48.33,39.27,18,54
2025-09-27,9.23,0.5,16.7,9.56,0.6,17.2,33.45,28.33,40.56,51.1,33,66
2025-09-28,7.75,1.0,10.9,8.02,1.2,11.2,33.22,27.78,45.0,55.62,27,76
2025-09-29,11.89,6.2,18.3,12.32,6.5,19.0,35.38,29.44,45.56,47.17,22,65
2025-09-30,15.52,12.2,24.4,16.01,12.6,25.9,35.98,30.0,47.22,42.0,21,58
2025-10-01,15.79,11.6,27.4,16.23,11.9,28.6,35.38,30.56,45.0,45.81,26,61
2025-10-02,15.71,9.8,57.4,16.36,10.1,66.3,35.31,28.89,45.56,48.08,23,70
2025-10-03,18.55,8.0,46.3,19.67,8.3,56.8,33.83,30.0,39.44,51.04,39,66
2025-10-04,8.41,4.2,14.7,8.65,4.3,15.2,32.61,28.89,43.89,56.67,29,70
2025-10-05,5.74,1.6,22.6,5.98,1.8,23.4,30.62,26.11,38.89,62.95,39,83
2025-10-06,4.84,1.9,8.7,5.01,2.0,8.9,33.41,27.22,47.22,55.79,23,79
2025-10-07,7.31,0.6,22.4,7.59,0.8,23.4,32.6,27.78,42.78,58.12,33,72
2025-10-08,6.04,1.0,9.5,6.25,1.2,9.8,34.09,28.89,45.56,55.4,25,77
2025-10-09,4.42,1.3,8.5,4.61,1.5,8.8,31.68,27.78,42.22,59.4,33,72
2025-10-10,5.14,2.5,12.2,5.34,2.6,12.7,33.91,27.22,46.11,52.27,22,72
2025-10-11,4.74,3.4,8.9,5.05,3.7,9.3,34.99,29.44,45.56,50.52,25,69
2025-10-12,5.66,2.5,21.2,6.04,2.6,23.3,34.75,30.0,44.44,48.71,25,66
2025-10-13,7.61,4.2,11.1,7.92,4.5,11.5,35.23,28.89,46.11,48.4,22,68
2025-10-14,13.43,7.5,19.8,13.83,7.7,20.5,35.71,30.0,46.11,46.92,23,65
2025-10-15,13.57,7.8,20.8,13.97,8.1,21.3,32.15,27.22,39.44,57.79,39,76
2025-10-16,12.53,10.7,17.4,12.85,11.0,17.8,34.17,27.22,46.11,54.17,23,78
2025-10-17,11.9,5.3,18.4,12.26,5.4,18.8,35.44,28.89,46.11,43.69,23,60
2025-10-18,10.66,5.4,19.7,11.0,5.7,20.3,34.51,30.0,43.33,49.52,28,62
2025-10-19,7.39,1.6,21.7,7.68,1.7,24.3,33.14,27.22,44.44,54.58,27,76
2025-10-20,8.79,5.0,21.8,9.16,5.2,22.7,35.21,29.44,45.56,49.17,25,67
2025-10-21,9.92,5.5,17.8,10.32,5.8,18.7,35.69,29.44,46.67,46.06,23,65
2025-10-22,6.59,3.8,13.9,6.85,3.9,14.3,34.71,29.44,43.89,49.73,29,68
2025-10-23,8.59,6.3,18.9,8.86,6.5,19.9,34.8,30.0,41.67,48.17,31,65
2025-10-24,11.31,6.6,37.9,11.84,6.8,44.7,35.31,30.0,45.0,47.81,25,67
2025-10-25,8.94,5.9,16.7,9.24,6.1,17.2,35.23,28.89,45.0,43.98,24,59
2025-10-26,9.17,6.5,16.7,9.47,6.7,17.1,35.19,30.0,43.33,43.04,28,55
2025-10-27,10.97,8.7,16.2,11.32,9.1,16.6,35.24,30.0,45.0,46.56,25,62
2025-10-28,11.32,7.5,16.0,11.72,7.9,16.6,35.56,30.0,44.44,44.73,26,59
2025-10-29,12.8,9.3,18.6,13.33,9.6,19.3,35.5,30.0,43.89,44.67,26,60
2025-10-30,8.09,2.2,15.4,8.41,2.4,15.9,35.62,29.44,45.0,42.6,22,58
2025-10-31,9.15,6.5,14.0,9.46,6.7,14.4,34.69,30.0,41.67,45.92,29,59
2025-11-01,14.2,5.5,32.0,14.74,5.8,34.4,34.97,30.0,42.78,48.96,27,67
2025-11-02,6.0,3.1,11.4,6.69,3.6,11.8,33.9,30.0,40.56,49.62,35,62
2025-11-03,8.88,4.5,32.3,9.54,5.0,35.4,34.47,29.44,43.89,48.19,27,64
2025-11-04,13.11,6.2,37.5,14.0,6.5,43.5,34.72,29.44,45.0,47.54,25,61
2025-11-05,8.78,4.1,25.8,9.15,4.4,26.6,34.9,29.44,45.0,46.06,23,59
2025-11-06,5.27,0.9,17.1,5.5,0.9,17.6,35.34,30.0,45.0,46.06,27,60
2025-11-07,3.65,2.0,8.1,3.8,2.0,8.4,30.97,28.33,37.22,63.21,42,77
2025-11-08,4.21,0.9,7.6,4.41,1.0,7.8,33.11,27.22,44.44,53.1,26,72
2025-11-09,5.7,3.3,15.2,6.37,3.5,16.3,33.8,28.33,43.33,49.42,28,64
2025-11-10,6.78,4.1,23.1,7.47,4.9,25.4,34.65,28.89,43.89,49.17,26,66
2025-11-11,6.25,2.8,30.6,6.75,2.9,33.8,34.17,30.0,41.67,49.44,31,60
2025-11-12,6.14,3.4,14.2,6.47,3.5,14.8,33.91,30.0,41.11,51.0,33,63
2025-11-13,7.49,4.8,14.3,7.96,5.1,14.9,33.8,28.33,43.89,49.33,27,65
2025-11-14,9.33,4.8,16.9,9.7,5.0,17.4,34.25,28.89,42.78,47.38,29,64
2025-11-15,9.3,5.3,21.9,9.58,5.5,22.4,35.09,29.44,45.0,46.29,24,62
2025-11-16,12.25,6.1,25.5,12.6,6.3,26.1,35.08,30.0,44.44,42.33,22,57
2025-11-17,10.94,6.8,20.6,11.3,7.1,21.1,34.87,30.0,41.67,43.85,27,58
2025-11-18,7.11,0.3,26.6,7.42,0.4,29.7,35.73,30.56,46.11,40.15,21,57
2025-11-19,3.2,1.1,10.2,3.34,1.2,10.6,35.65,30.0,46.11,43.31,23,59
2025-11-20,5.23,2.3,13.5,5.37,2.3,13.8,34.12,29.44,42.78,48.25,28,64
2025-11-21,7.94,3.5,21.5,8.2,3.7,22.0,35.13,29.44,45.56,46.54,23,62
2025-11-22,5.27,1.1,15.4,5.52,1.3,16.0,35.37,30.0,45.0,44.79,24,59
2025-11-23,4.58,1.5,15.5,4.77,1.7,16.0,34.98,30.0,44.44,47.88,27,62
2025-11-24,5.9,0.8,22.4,6.19,0.9,24.3,33.6,30.0,42.22,51.33,30,64
2025-11-25,4.81,3.3,9.2,5.08,3.6,9.6,33.09,27.78,41.67,52.44,29,73
2025-11-26,3.15,1.3,5.4,3.44,1.5,5.8,33.7,28.33,42.78,44.13,22,60
2025-11-27,3.95,1.7,13.6,4.23,1.9,14.2,34.44,28.33,43.89,43.79,24,64
2025-11-28,4.98,0.4,13.5,5.2,0.5,14.0,34.18,30.0,44.44,49.69,27,63
2025-11-29,3.45,1.6,9.7,3.61,1.7,10.0,33.96,28.89,43.33,53.58,28,71
2025-11-30,4.19,0.9,25.4,4.42,1.0,27.1,31.53,27.22,39.44,63.1,38,81
2025-12-01,4.78,2.7,12.1,5.04,2.9,13.0,32.09,28.33,41.67,60.21,32,76
2025-12-02,5.81,3.7,11.4,6.08,4.0,11.9,32.25,29.44,38.33,57.31,40,66
2025-12-03,6.25,3.7,11.5,6.5,3.8,11.9,34.31,28.89,45.0,52.19,25,74
2025-12-04,3.87,1.5,10.2,4.06,1.6,10.6,31.62,27.22,36.67,59.02,46,76
2025-12-05,7.51,4.0,13.1,7.77,4.1,13.6,33.85,28.89,43.33,52.19,29,70
2025-12-06,8.56,5.5,15.1,8.84,5.7,15.6,34.09,28.89,44.44,51.73,26,70
2025-12-07,7.29,4.3,10.6,7.54,4.6,10.9,33.99,29.44,43.33,48.52,26,63
2025-12-08,3.82,0.9,9.1,4.02,1.1,9.4,34.21,28.89,43.33,47.31,28,62
2025-12-09,3.5,0.8,8.9,3.69,1.0,9.2,34.06,28.33,42.78,48.12,27,65
2025-12-10,5.13,2.5,8.7,5.39,2.7,9.0,33.85,28.89,41.67,47.6,30,63
2025-12-11,3.72,0.2,18.7,4.01,0.3,20.3,33.85,28.89,42.22,47.62,28,62
2025-12-12,1.38,0.1,5.3,1.58,0.2,5.5,33.48,29.44,43.33,49.65,28,63
2025-12-13,2.48,0.5,5.6,2.95,0.6,6.7,32.66,28.89,40.0,51.77,33,64
2025-12-14,3.74,0.5,6.1,4.32,0.7,6.7,31.83,28.33,37.78,54.54,37,66
2025-12-15,3.71,0.7,13.5,4.28,0.9,14.0,31.6,28.33,38.33,54.19,39,63
2025-12-16,3.02,0.5,16.8,3.36,0.7,17.8,32.18,27.22,40.56,51.62,31,64
2025-12-17,4.21,1.9,8.4,4.8,2.1,8.9,32.92,28.89,40.56,49.62,31,64
2025-12-18,2.67,1.0,7.9,3.07,1.3,8.5,33.39,29.44,39.44,45.69,31,59
2025-12-19,1.3,0.1,3.1,1.66,0.2,3.4,32.65,28.33,38.33,46.62,30,62
2025-12-20,2.5,0.9,12.3,2.88,1.2,12.8,33.21,28.33,41.67,43.02,23,58
2025-12-21,5.71,0.3,35.5,6.19,0.4,40.5,33.73,28.89,41.11,45.56,29,58
2025-12-22,1.35,0.8,2.4,1.63,1.0,2.9,33.92,28.89,41.67,47.81,28,63
2025-12-23,1.79,0.7,4.4,2.16,0.9,5.0,33.5,29.44,40.56,47.29,29,62
2025-12-24,2.52,0.2,11.3,2.79,0.3,12.0,34.14,29.44,41.11,43.85,29,57
2025-12-25,3.26,0.0,15.4,3.43,0.0,16.1,34.31,28.89,45.0,47.65,25,62
2025-12-26,2.09,0.0,31.6,2.24,0.1,34.3,33.7,28.33,42.22,49.71,30,64
2025-12-27,2.14,0.2,4.5,2.25,0.3,4.8,33.92,29.44,43.89,49.5,28,62
2025-12-28,2.04,0.8,4.2,2.23,1.0,4.6,33.02,28.33,42.22,52.62,32,66
2025-12-29,1.48,0.0,6.8,1.65,0.1,7.1,32.27,28.89,42.78,53.73,30,64
2025-12-30,3.61,1.2,5.7,4.08,1.4,6.2,32.35,28.89,40.56,52.65,29,67
